<?xml version="1.0" encoding="utf-8" standalone="no" ?>
<modDesc descVersion="65">
    <title>
        <de>Schlupf Zerstört Felder</de>
        <en>Slip Destroys Fields</en>
        <fr>NEED TRANSLATION</fr>
    </title>
    <description>
        <de>
<![CDATA[
    ]]>
	</de>
	<en>
<![CDATA[
    ]]>	
	</en>	
	<fr>
<![CDATA[
    ]]>
	</fr>
    </description>
    <author>frvetz</author>
    <version>1.0.0.0</version>
    <iconFilename>modIcon.dds</iconFilename>
    <multiplayer supported="true"/>
    <extraSourceFiles>
		<sourceFile filename="registerSlipDestroysFields.lua" />
    </extraSourceFiles>
</modDesc>
