<?xml version="1.0" encoding="utf-8" standalone="no" ?>
<modDesc descVersion="65">
    <title>
        <de>Schlupf Zerstört Felder</de>
        <en>Slip Destroys Fields</en>
        <fr>!!!!!!!!!!!!!!!!!!!!!!NEED TRANSLATION!!!!!!!!!!!!!!!!!!!!!!</fr>
    </title>
    <description>
        <de>
<![CDATA[
    ]]>
	</de>
	<en>
<![CDATA[
    ]]>	
	</en>	
	<fr>
<![CDATA[
    ]]>
	</fr>
    </description>
    <author>frvetz</author>
    <version>1.0.0.0</version>
    <iconFilename>modIcon.dds</iconFilename>
    <multiplayer supported="true"/>
    <extraSourceFiles>
		<sourceFile filename="registerSlipDestroysFields.lua" />
    </extraSourceFiles>
	
	<l10n>
        <text name="title_SlipDestroysFields">
			<de>Schlupf Zerstört Felder</de>
			<en>Slip Destroys Fields</en>
			<fr>!!!!!!!!!!!!!!!!!!!!!!NEED TRANSLATION!!!!!!!!!!!!!!!!!!!!!!</fr>
		</text>
		<text name="setting_SlipDestroysFields">
			<de>Zerstörungsstärke</de>
			<en>Destruction strength</en>
			<fr>!!!!!!!!!!!!!!!!!!!!!!NEED TRANSLATION!!!!!!!!!!!!!!!!!!!!!!</fr>
		</text>
		<text name="explanation_SlipDestroysFields">
			<de>Legt fest wie stark die Felder zerstört werden.</de>
			<en>!!!!!!!!!!!!!!!!!!!!!!NEED TRANSLATION!!!!!!!!!!!!!!!!!!!!!!.</en>
			<fr>!!!!!!!!!!!!!!!!!!!!!!NEED TRANSLATION!!!!!!!!!!!!!!!!!!!!!!.</fr>
		</text>
		
		<text name="selection_SlipDestroysFields_Light">
			<de>Wenig</de>
			<en>Little</en>
			<fr>!!!!!!!!!!!!!!!!!!!!!!NEED TRANSLATION!!!!!!!!!!!!!!!!!!!!!!</fr>
		</text>
		<text name="selection_SlipDestroysFields_Medium">
			<de>Mittelmäßg</de>
			<en>Medium</en>
			<fr>!!!!!!!!!!!!!!!!!!!!!!NEED TRANSLATION!!!!!!!!!!!!!!!!!!!!!!</fr>
		</text>
		<text name="selection_SlipDestroysFields_Heavy">
			<de>Viel</de>
			<en>Much</en>
			<fr>!!!!!!!!!!!!!!!!!!!!!!NEED TRANSLATION!!!!!!!!!!!!!!!!!!!!!!</fr>
		</text>
		<text name="selection_SlipDestroysFields_None">
			<de>Keine</de>
			<en>None</en>
			<fr>!!!!!!!!!!!!!!!!!!!!!!NEED TRANSLATION!!!!!!!!!!!!!!!!!!!!!!</fr>
		</text>
	</l10n>
</modDesc>
